{
  "hotelId": "361387",
  "hotelNo": "GENS",
  "name": "Gull River Escape: Nordic Spa",
  "brandName": "Gull River Escape: Nordic Spa",
  "tagline": "House • 12 guests • 5 bedrooms • 3.5 baths",
  "descriptionShort": "Escape to this spacious 5-bedroom, 3.5-bath retreat steps from Minden’s famous tubing river. Start your day floating down the gentle currents, then unwind in the Nordic spa, featuring a sauna, hot tub, and cold plunge. Enjoy endless entertainment with a ping pong table, retro Ms. Pac-Man arcade, and tons of board games.",
  "descriptionLong": [
    "Escape to this spacious 5-bedroom, 3.5-bath retreat steps from Minden’s famous tubing river. Start your day floating down the gentle currents, then unwind in the Nordic spa, featuring a sauna, hot tub, and cold plunge.",
    "Enjoy endless entertainment with a ping pong table, retro Ms. Pac-Man arcade, and tons of board games. Cozy living spaces and a scenic outdoor deck make it perfect for families and friends. Book now and create unforgettable memories!"
  ],
  "hotelName": "Gull River Escape: Nordic Spa",
  "slug": "gull-river-escape-nordic-spa",
  "bedrooms": 5,
  "bathrooms": 4,
  "capacity": 12,
  "type": "House",
  "rating": 4.8,
  "shortDescription": "Spacious 5-bedroom retreat in Minden with Nordic spa, games, and river access.",
  "longDescription": "Full detailed copy for the modal…",
  "amenities": {
    "general": [
      "Hot tub","Free WiFi","Air conditioning","Washing Machine","Cable TV","Internet","Wireless","Fireplace",
      "Dryer","Hair Dryer","Heating","Essentials","Shampoo","Hangers","Iron","Laptop Friendly workspace",
      "TV","Sound system","Private living room","Iron board","Linens","Outdoor grill","Towels","Garden or backyard",
      "Hot water","Private entrance","Cooking basics","Game room","Sauna","WiFi speed (250+ Mbps)","Smart TV",
      "Desk chair","Private sauna","Clothing storage","Ceiling fan"
    ],
    "kitchenDining": [
      "Kitchen","Toaster","Dishwasher","Microwave","Oven","Electric kettle","Coffee/tea maker","Stove",
      "Refrigerator","High chair","Kitchen utensils","Dining area","Kitchen island","Dining table","Baking sheet",
      "Barbeque utensils","Blender","Coffee","Freezer","Mini fridge","Wine glasses"
    ],
    "policy": [
      "Pets allowed","Suitable for events"
    ],
    "safety": [
      "Smoke detector","Carbon Monoxide Detector","First aid kit","Fire Extinguisher"
    ],
    "parking": [
      "Free parking"
    ],
    "bathroom": [
      "Shower","Tub","Jacuzzi","Toilet","Cleaning products","Body soap","Conditioner","Rain Shower","Shower gel"
    ],
    "entertainment": [
      "Dvd","Games","Ping pong table","Board games"
    ],
    "leisure": [
      "Bird watching"
    ],
    "location": [
      "Lake","Lake front","Lake view","Water view","Waterfront"
    ],
    "cleanliness": [
      "Enhanced Cleaning Practices","Contactless Check-In/Out"
    ],
    "outdoors": [
      "Outdoor dining","Outdoor firepit","Outdoor furniture","Fire pit"
    ]
  },
  "houseRules": [
    "Check-in: 4 pm",
    "Check-out: 10 am",
    "Children: not allowed",
    "Infants: not allowed",
    "Pets: allowed",
    "Parties and events: allowed",
    "Smoking inside: not allowed",
    "Keep cottage doors shut to prevent mice from entering.",
    "Maintain cleanliness to make check-out easier.",
    "In case of accidental damage, notify host immediately via text."
  ],
  "gallery": [
"hero.png","1.png","2.png","3.png","4.png","5.png","6.png","7.png","8.png","9.png","10.png","11.png","12.png","13.png","14.png","15.png","16.png","17.png","18.png","19.png","20.png","21.png","22.png","23.png","24.png","25.png","26.png","27.png","28.png","29.png","30.png"
	]
}
